{
    "navigationFallback": {
      "rewrite": "/index.html",
      "exclude": ["/images/*.{png,jpg,gif}", "/css/*", "/js/*", "/assets/*"]
    },
    "routes": [
      {
        "route": "/*",
        "serve": "/index.html",
        "statusCode": 200
      }
    ],
    "responseOverrides": {
      "404": {
        "rewrite": "/index.html",
        "statusCode": 200
      }
    },
    "globalHeaders": {
      "content-security-policy": "default-src 'self' 'unsafe-inline' 'unsafe-eval' https://login.microsoftonline.com; connect-src 'self' https://login.microsoftonline.com https://func-aidw-pf.azurewebsites.net; img-src 'self' data:; font-src 'self' data:;"
    },
    "mimeTypes": {
      ".json": "text/json"
    }
  }